{
  "AUROC": 0.7993827160493827,
  "AUPRC_active": 0.7224491099249224,
  "F1": 0.55,
  "MCC": 0.48543108227979764,
  "ACC": 0.7931034482758621,
  "Brier": 0.16685454793727178,
  "ECE": 0.1526968285118544,
  "RMSE": 0.4084783322739063,
  "Cliff_Brier": 0.23026617474683542,
  "Cliff_ECE": 0.21265082412837905,
  "Cliff_RMSE": 0.4798605784463185,
  "Cliff_F1": 0.16666666666666666,
  "Delta_RMSE": 0.07138224617241223,
  "AUPRC_cliff": 0.4014423374155722,
  "Cliff_NodeShare": 0.3563218390804598,
  "model": "BRF",
  "backbone": "ecfp1024",
  "Threshold": 0.48000000000000004,
  "Calibration": "none",
  "n_train": 269,
  "n_test": 87,
  "n_cliff_pairs": 28
}