{
  "AUROC": 0.7648148148148148,
  "AUPRC_active": 0.6002787236361922,
  "F1": 0.56,
  "MCC": 0.3866009517496301,
  "ACC": 0.7471264367816092,
  "Brier": 0.16883671058186853,
  "ECE": 0.24312907735304373,
  "RMSE": 0.4108974453338309,
  "Cliff_Brier": 0.34506221224766,
  "Cliff_ECE": 0.42623145263392404,
  "Cliff_RMSE": 0.5874199624184218,
  "Cliff_F1": 0.21052631578947367,
  "Delta_RMSE": 0.17652251708459088,
  "AUPRC_cliff": 0.32115273132664435,
  "Cliff_NodeShare": 0.3563218390804598,
  "model": "SVC",
  "backbone": "ecfp1024",
  "Threshold": 0.52,
  "Calibration": "none",
  "n_train": 269,
  "n_test": 87,
  "n_cliff_pairs": 28
}