{
  "AUROC": 0.7919753086419753,
  "AUPRC_active": 0.712651814167738,
  "F1": 0.47368421052631576,
  "MCC": 0.41761455180057855,
  "ACC": 0.7701149425287356,
  "Brier": 0.17435080193776128,
  "ECE": 0.23849544930239958,
  "RMSE": 0.4175533522051539,
  "Cliff_Brier": 0.34323402645421613,
  "Cliff_ECE": 0.35708914902201294,
  "Cliff_RMSE": 0.5858617810151265,
  "Cliff_F1": 0.15384615384615385,
  "Delta_RMSE": 0.16830842880997265,
  "AUPRC_cliff": 0.397842731980663,
  "Cliff_NodeShare": 0.3563218390804598,
  "model": "LogReg",
  "backbone": "ecfp1024",
  "Threshold": 0.9,
  "Calibration": "none",
  "n_train": 269,
  "n_test": 87,
  "n_cliff_pairs": 28
}