{
  "AUROC": 0.7938271604938271,
  "AUPRC_active": 0.7258856214942868,
  "F1": 0.5365853658536586,
  "MCC": 0.44998248377399513,
  "ACC": 0.7816091954022989,
  "Brier": 0.15778492197487023,
  "ECE": 0.15107643747882496,
  "RMSE": 0.3972215024074984,
  "Cliff_Brier": 0.2843844128647569,
  "Cliff_ECE": 0.3013990367713356,
  "Cliff_RMSE": 0.533277050757631,
  "Cliff_F1": 0.14285714285714285,
  "Delta_RMSE": 0.13605554835013262,
  "AUPRC_cliff": 0.3599785721524853,
  "Cliff_NodeShare": 0.3563218390804598,
  "model": "XGB",
  "backbone": "ecfp1024",
  "Threshold": 0.73,
  "Calibration": "none",
  "n_train": 269,
  "n_test": 87,
  "n_cliff_pairs": 28
}