{
  "AUROC": 0.7944444444444444,
  "AUPRC_active": 0.7143735798526916,
  "F1": 0.5263157894736842,
  "MCC": 0.4923727123080895,
  "ACC": 0.7931034482758621,
  "Brier": 0.17179648647374285,
  "ECE": 0.1897479271514014,
  "RMSE": 0.4144833971026377,
  "Cliff_Brier": 0.23510869314436766,
  "Cliff_ECE": 0.18226794724727358,
  "Cliff_RMSE": 0.4848800811998444,
  "Cliff_F1": 0.0,
  "Delta_RMSE": 0.07039668409720667,
  "AUPRC_cliff": 0.3923014129805301,
  "Cliff_NodeShare": 0.3563218390804598,
  "model": "RF",
  "backbone": "ecfp1024",
  "Threshold": 0.53,
  "Calibration": "none",
  "n_train": 269,
  "n_test": 87,
  "n_cliff_pairs": 28
}