{
  "AUROC": 0.7919753086419753,
  "AUPRC_active": 0.7172693289118715,
  "F1": 0.55,
  "MCC": 0.48543108227979764,
  "ACC": 0.7931034482758621,
  "Brier": 0.1634969889023835,
  "ECE": 0.14330144560688,
  "RMSE": 0.4043476089979802,
  "Cliff_Brier": 0.22747861946980713,
  "Cliff_ECE": 0.20794940678751855,
  "Cliff_RMSE": 0.4769471872962531,
  "Cliff_F1": 0.18181818181818182,
  "Delta_RMSE": 0.07259957829827285,
  "AUPRC_cliff": 0.4337155543946716,
  "Cliff_NodeShare": 0.3563218390804598,
  "model": "ExtraTrees",
  "backbone": "ecfp1024",
  "Threshold": 0.49,
  "Calibration": "none",
  "n_train": 269,
  "n_test": 87,
  "n_cliff_pairs": 28
}