{
  "AUROC": 0.7944444444444444,
  "AUPRC_active": 0.7213968272644073,
  "F1": 0.5405405405405406,
  "MCC": 0.5372153093502535,
  "ACC": 0.8045977011494253,
  "Brier": 0.1567308489061408,
  "ECE": 0.2130726444476313,
  "RMSE": 0.3958924713936106,
  "Cliff_Brier": 0.2877680700995848,
  "Cliff_ECE": 0.36714385954471224,
  "Cliff_RMSE": 0.536440183151472,
  "Cliff_F1": 0.18181818181818182,
  "Delta_RMSE": 0.1405477117578614,
  "AUPRC_cliff": 0.4095504495504495,
  "Cliff_NodeShare": 0.3563218390804598,
  "model": "GB",
  "backbone": "ecfp1024",
  "Threshold": 0.79,
  "Calibration": "none",
  "n_train": 269,
  "n_test": 87,
  "n_cliff_pairs": 28
}