{
  "AUROC": 0.7438271604938271,
  "AUPRC_active": 0.6416626891080002,
  "F1": 0.5652173913043478,
  "MCC": 0.4271689832060355,
  "ACC": 0.7701149425287356,
  "Brier": 0.19372292081033196,
  "ECE": 0.37213368829957244,
  "RMSE": 0.44013966057415455,
  "Cliff_Brier": 0.35901798416554315,
  "Cliff_ECE": 0.46990580351040934,
  "Cliff_RMSE": 0.5991810946329524,
  "Cliff_F1": 0.2222222222222222,
  "Delta_RMSE": 0.1590414340587979,
  "AUPRC_cliff": 0.35697857215248513,
  "Cliff_NodeShare": 0.3563218390804598,
  "model": "CatBoost",
  "backbone": "ecfp1024",
  "Threshold": 0.5800000000000001,
  "Calibration": "none",
  "n_train": 269,
  "n_test": 87,
  "n_cliff_pairs": 28
}