{
  "AUROC": 0.7858024691358025,
  "AUPRC_active": 0.68147601228061,
  "F1": 0.5128205128205128,
  "MCC": 0.45218263544995746,
  "ACC": 0.7816091954022989,
  "Brier": 0.15504469987228608,
  "ECE": 0.1576909680357956,
  "RMSE": 0.3937571585029104,
  "Cliff_Brier": 0.2550537634408602,
  "Cliff_ECE": 0.2973544973544973,
  "Cliff_RMSE": 0.5050284778513586,
  "Cliff_F1": 0.0,
  "Delta_RMSE": 0.11127131934844825,
  "AUPRC_cliff": 0.333616298811545,
  "Cliff_NodeShare": 0.3563218390804598,
  "model": "KNN",
  "backbone": "ecfp1024",
  "Threshold": 0.54,
  "Calibration": "none",
  "n_train": 269,
  "n_test": 87,
  "n_cliff_pairs": 28
}