{
  "AUROC": 0.7845679012345678,
  "AUPRC_active": 0.7269053969845336,
  "F1": 0.5641025641025641,
  "MCC": 0.5242337147249507,
  "ACC": 0.8045977011494253,
  "Brier": 0.16316844061423694,
  "ECE": 0.1960732328842404,
  "RMSE": 0.40394113508559254,
  "Cliff_Brier": 0.3107845558222408,
  "Cliff_ECE": 0.37696433554380526,
  "Cliff_RMSE": 0.5574805429988035,
  "Cliff_F1": 0.16666666666666666,
  "Delta_RMSE": 0.1535394079132109,
  "AUPRC_cliff": 0.35676323186617304,
  "Cliff_NodeShare": 0.3563218390804598,
  "model": "GB",
  "backbone": "maccs",
  "Threshold": 0.8,
  "Calibration": "none",
  "n_train": 269,
  "n_test": 87,
  "n_cliff_pairs": 28
}