{
  "AUROC": 0.783641975308642,
  "AUPRC_active": 0.636740958195356,
  "F1": 0.6206896551724138,
  "MCC": 0.43470552562535547,
  "ACC": 0.7471264367816092,
  "Brier": 0.15189653746737314,
  "ECE": 0.2175662289918821,
  "RMSE": 0.38973906330694275,
  "Cliff_Brier": 0.32001877385450717,
  "Cliff_ECE": 0.3454233029492555,
  "Cliff_RMSE": 0.56570201860565,
  "Cliff_F1": 0.2857142857142857,
  "Delta_RMSE": 0.1759629552987072,
  "AUPRC_cliff": 0.4047041249449972,
  "Cliff_NodeShare": 0.3563218390804598,
  "model": "SVC",
  "backbone": "maccs",
  "Threshold": 0.25,
  "Calibration": "none",
  "n_train": 269,
  "n_test": 87,
  "n_cliff_pairs": 28
}