{
  "AUROC": 0.8074074074074075,
  "AUPRC_active": 0.7536670825746499,
  "F1": 0.5641025641025641,
  "MCC": 0.5242337147249507,
  "ACC": 0.8045977011494253,
  "Brier": 0.1655547770549563,
  "ECE": 0.165661382173109,
  "RMSE": 0.4068842305311872,
  "Cliff_Brier": 0.23594065530583877,
  "Cliff_ECE": 0.2509583435310428,
  "Cliff_RMSE": 0.4857372286595282,
  "Cliff_F1": 0.0,
  "Delta_RMSE": 0.07885299812834096,
  "AUPRC_cliff": 0.3153708081978873,
  "Cliff_NodeShare": 0.3563218390804598,
  "model": "RF",
  "backbone": "maccs",
  "Threshold": 0.56,
  "Calibration": "none",
  "n_train": 269,
  "n_test": 87,
  "n_cliff_pairs": 28
}