{
  "AUROC": 0.7484567901234568,
  "AUPRC_active": 0.6400908360120456,
  "F1": 0.5581395348837209,
  "MCC": 0.45113315856913394,
  "ACC": 0.7816091954022989,
  "Brier": 0.17759221862475044,
  "ECE": 0.1817448215475386,
  "RMSE": 0.42141691781981233,
  "Cliff_Brier": 0.31267715012578684,
  "Cliff_ECE": 0.405868027267549,
  "Cliff_RMSE": 0.5591754198154518,
  "Cliff_F1": 0.26666666666666666,
  "Delta_RMSE": 0.1377585019956395,
  "AUPRC_cliff": 0.3480575834968917,
  "Cliff_NodeShare": 0.3563218390804598,
  "model": "LogReg",
  "backbone": "maccs",
  "Threshold": 0.8,
  "Calibration": "none",
  "n_train": 269,
  "n_test": 87,
  "n_cliff_pairs": 28
}