{
  "AUROC": 0.8243827160493828,
  "AUPRC_active": 0.7530247527054679,
  "F1": 0.5641025641025641,
  "MCC": 0.5242337147249507,
  "ACC": 0.8045977011494253,
  "Brier": 0.14109833971902938,
  "ECE": 0.1530047204066812,
  "RMSE": 0.37563058943465905,
  "Cliff_Brier": 0.24774193548387097,
  "Cliff_ECE": 0.29768518518518516,
  "Cliff_RMSE": 0.4977368134706041,
  "Cliff_F1": 0.0,
  "Delta_RMSE": 0.12210622403594507,
  "AUPRC_cliff": 0.3623342475294937,
  "Cliff_NodeShare": 0.3563218390804598,
  "model": "KNN",
  "backbone": "maccs",
  "Threshold": 0.47000000000000003,
  "Calibration": "none",
  "n_train": 269,
  "n_test": 87,
  "n_cliff_pairs": 28
}