{
  "AUROC": 0.8012345679012346,
  "AUPRC_active": 0.7442042302108162,
  "F1": 0.4864864864864865,
  "MCC": 0.45931908949446676,
  "ACC": 0.7816091954022989,
  "Brier": 0.16478459787495878,
  "ECE": 0.15974589023646596,
  "RMSE": 0.4059366919544953,
  "Cliff_Brier": 0.24090981847483625,
  "Cliff_ECE": 0.22719278479670615,
  "Cliff_RMSE": 0.4908256497727439,
  "Cliff_F1": 0.0,
  "Delta_RMSE": 0.08488895781824862,
  "AUPRC_cliff": 0.32538850438669153,
  "Cliff_NodeShare": 0.3563218390804598,
  "model": "ExtraTrees",
  "backbone": "maccs",
  "Threshold": 0.5700000000000001,
  "Calibration": "none",
  "n_train": 269,
  "n_test": 87,
  "n_cliff_pairs": 28
}