{
  "AUROC": 0.7666666666666666,
  "AUPRC_active": 0.7226493118322502,
  "F1": 0.5263157894736842,
  "MCC": 0.4923727123080895,
  "ACC": 0.7931034482758621,
  "Brier": 0.155903241170909,
  "ECE": 0.21820745551312276,
  "RMSE": 0.3948458448191003,
  "Cliff_Brier": 0.2898461954529233,
  "Cliff_ECE": 0.3297460855021105,
  "Cliff_RMSE": 0.5383736578371228,
  "Cliff_F1": 0.0,
  "Delta_RMSE": 0.14352781301802248,
  "AUPRC_cliff": 0.3324798460498257,
  "Cliff_NodeShare": 0.3563218390804598,
  "model": "XGB",
  "backbone": "maccs",
  "Threshold": 0.7000000000000001,
  "Calibration": "none",
  "n_train": 269,
  "n_test": 87,
  "n_cliff_pairs": 28
}