{
  "AUROC": 0.7601851851851851,
  "AUPRC_active": 0.6976516359892704,
  "F1": 0.5833333333333334,
  "MCC": 0.4344520653443029,
  "ACC": 0.7701149425287356,
  "Brier": 0.18948671909742906,
  "ECE": 0.2657816132140874,
  "RMSE": 0.4353007226015471,
  "Cliff_Brier": 0.40361608825459316,
  "Cliff_ECE": 0.5024623593293258,
  "Cliff_RMSE": 0.6353078688750778,
  "Cliff_F1": 0.2222222222222222,
  "Delta_RMSE": 0.20000714627353072,
  "AUPRC_cliff": 0.2983557359079181,
  "Cliff_NodeShare": 0.3563218390804598,
  "model": "CatBoost",
  "backbone": "maccs",
  "Threshold": 0.59,
  "Calibration": "none",
  "n_train": 269,
  "n_test": 87,
  "n_cliff_pairs": 28
}