{
  "AUROC": 0.8080246913580247,
  "AUPRC_active": 0.7410021333732946,
  "F1": 0.5853658536585366,
  "MCC": 0.5175964321130928,
  "ACC": 0.8045977011494253,
  "Brier": 0.16540672419908772,
  "ECE": 0.1499413176238907,
  "RMSE": 0.40670225497172713,
  "Cliff_Brier": 0.23007543862653373,
  "Cliff_ECE": 0.2034373847254339,
  "Cliff_RMSE": 0.4796617960881748,
  "Cliff_F1": 0.0,
  "Delta_RMSE": 0.07295954111644765,
  "AUPRC_cliff": 0.32076717529116905,
  "Cliff_NodeShare": 0.3563218390804598,
  "model": "BRF",
  "backbone": "maccs",
  "Threshold": 0.54,
  "Calibration": "none",
  "n_train": 269,
  "n_test": 87,
  "n_cliff_pairs": 28
}