{
  "AUROC": 0.7648148148148148,
  "AUPRC_active": 0.6727427317277583,
  "F1": 0.5714285714285714,
  "MCC": 0.3689323936863109,
  "ACC": 0.7241379310344828,
  "Brier": 0.17587341048611746,
  "ECE": 0.11363591392008665,
  "RMSE": 0.4193726391720345,
  "Cliff_Brier": 0.29301255177765256,
  "Cliff_ECE": 0.34471992736870344,
  "Cliff_RMSE": 0.5413063382019949,
  "Cliff_F1": 0.4,
  "Delta_RMSE": 0.12193369902996043,
  "AUPRC_cliff": 0.43113907831299136,
  "Cliff_NodeShare": 0.3563218390804598,
  "model": "BRF",
  "backbone": "descriptors",
  "Threshold": 0.56,
  "Calibration": "none",
  "n_train": 269,
  "n_test": 87,
  "n_cliff_pairs": 28
}