{
  "AUROC": 0.7432098765432098,
  "AUPRC_active": 0.6483026370557887,
  "F1": 0.5423728813559322,
  "MCC": 0.31269438398822863,
  "ACC": 0.6896551724137931,
  "Brier": 0.18219127716811795,
  "ECE": 0.13958051495273047,
  "RMSE": 0.4268387015818949,
  "Cliff_Brier": 0.30610666844501316,
  "Cliff_ECE": 0.35030188516502186,
  "Cliff_RMSE": 0.5532690741809208,
  "Cliff_F1": 0.35714285714285715,
  "Delta_RMSE": 0.12643037259902584,
  "AUPRC_cliff": 0.3743284815023945,
  "Cliff_NodeShare": 0.3563218390804598,
  "model": "RF",
  "backbone": "descriptors",
  "Threshold": 0.56,
  "Calibration": "none",
  "n_train": 269,
  "n_test": 87,
  "n_cliff_pairs": 28
}