{
  "AUROC": 0.7771604938271605,
  "AUPRC_active": 0.716979354145975,
  "F1": 0.6415094339622641,
  "MCC": 0.48474341714765323,
  "ACC": 0.7816091954022989,
  "Brier": 0.16536118470466227,
  "ECE": 0.14626505284703717,
  "RMSE": 0.40664626483549837,
  "Cliff_Brier": 0.29932397186023985,
  "Cliff_ECE": 0.3191500227737606,
  "Cliff_RMSE": 0.5471050830144424,
  "Cliff_F1": 0.3,
  "Delta_RMSE": 0.140458818178944,
  "AUPRC_cliff": 0.4183844381425027,
  "Cliff_NodeShare": 0.3563218390804598,
  "model": "SVC",
  "backbone": "descriptors",
  "Threshold": 0.52,
  "Calibration": "none",
  "n_train": 269,
  "n_test": 87,
  "n_cliff_pairs": 28
}