{
  "AUROC": 0.782716049382716,
  "AUPRC_active": 0.7267422636033449,
  "F1": 0.6046511627906976,
  "MCC": 0.5152648330716089,
  "ACC": 0.8045977011494253,
  "Brier": 0.17456688382577498,
  "ECE": 0.2955522161410327,
  "RMSE": 0.4178120197239124,
  "Cliff_Brier": 0.2845358355396074,
  "Cliff_ECE": 0.32152990785208174,
  "Cliff_RMSE": 0.5334190056040442,
  "Cliff_F1": 0.4,
  "Delta_RMSE": 0.1156069858801318,
  "AUPRC_cliff": 0.5035873015873016,
  "Cliff_NodeShare": 0.3563218390804598,
  "model": "CatBoost",
  "backbone": "descriptors",
  "Threshold": 0.65,
  "Calibration": "none",
  "n_train": 269,
  "n_test": 87,
  "n_cliff_pairs": 28
}