{
  "AUROC": 0.7641975308641975,
  "AUPRC_active": 0.6611904357654794,
  "F1": 0.4583333333333333,
  "MCC": 0.2602708225564948,
  "ACC": 0.7011494252873564,
  "Brier": 0.17884112152339907,
  "ECE": 0.13901129593394723,
  "RMSE": 0.4228961119747958,
  "Cliff_Brier": 0.271549166192487,
  "Cliff_ECE": 0.2870108947861462,
  "Cliff_RMSE": 0.5211037959874089,
  "Cliff_F1": 0.3,
  "Delta_RMSE": 0.09820768401261304,
  "AUPRC_cliff": 0.3694894044574351,
  "Cliff_NodeShare": 0.3563218390804598,
  "model": "ExtraTrees",
  "backbone": "descriptors",
  "Threshold": 0.5700000000000001,
  "Calibration": "none",
  "n_train": 269,
  "n_test": 87,
  "n_cliff_pairs": 28
}