{
  "AUROC": 0.8154320987654321,
  "AUPRC_active": 0.7405540752682833,
  "F1": 0.45714285714285713,
  "MCC": 0.4743787113098801,
  "ACC": 0.7816091954022989,
  "Brier": 0.16521385428840066,
  "ECE": 0.19978405458399173,
  "RMSE": 0.40646507142484045,
  "Cliff_Brier": 0.3078901511757394,
  "Cliff_ECE": 0.365001999091365,
  "Cliff_RMSE": 0.5548785012736928,
  "Cliff_F1": 0.18181818181818182,
  "Delta_RMSE": 0.1484134298488523,
  "AUPRC_cliff": 0.5193481966062611,
  "Cliff_NodeShare": 0.3563218390804598,
  "model": "LogReg",
  "backbone": "descriptors",
  "Threshold": 0.87,
  "Calibration": "none",
  "n_train": 269,
  "n_test": 87,
  "n_cliff_pairs": 28
}