{
  "AUROC": 0.7635802469135803,
  "AUPRC_active": 0.6763941403755591,
  "F1": 0.5454545454545454,
  "MCC": 0.33559062170344195,
  "ACC": 0.7126436781609196,
  "Brier": 0.18456493507805058,
  "ECE": 0.2897608279360966,
  "RMSE": 0.42961021295827057,
  "Cliff_Brier": 0.30869296485128006,
  "Cliff_ECE": 0.41688082497436685,
  "Cliff_RMSE": 0.5556014442487349,
  "Cliff_F1": 0.34782608695652173,
  "Delta_RMSE": 0.12599123129046436,
  "AUPRC_cliff": 0.41606573498964805,
  "Cliff_NodeShare": 0.3563218390804598,
  "model": "XGB",
  "backbone": "descriptors",
  "Threshold": 0.37,
  "Calibration": "none",
  "n_train": 269,
  "n_test": 87,
  "n_cliff_pairs": 28
}