{
  "AUROC": 0.7716049382716049,
  "AUPRC_active": 0.6948338082470815,
  "F1": 0.5,
  "MCC": 0.41574048135844055,
  "ACC": 0.7701149425287356,
  "Brier": 0.17959934765700666,
  "ECE": 0.1955865880952303,
  "RMSE": 0.4237916323584111,
  "Cliff_Brier": 0.32037390644853003,
  "Cliff_ECE": 0.33987640612880127,
  "Cliff_RMSE": 0.566015818196391,
  "Cliff_F1": 0.26666666666666666,
  "Delta_RMSE": 0.1422241858379799,
  "AUPRC_cliff": 0.37420997712593634,
  "Cliff_NodeShare": 0.3563218390804598,
  "model": "GB",
  "backbone": "descriptors",
  "Threshold": 0.7000000000000001,
  "Calibration": "none",
  "n_train": 269,
  "n_test": 87,
  "n_cliff_pairs": 28
}