{
  "AUROC": 0.7805555555555557,
  "AUPRC_active": 0.6761620229190015,
  "F1": 0.5866666666666667,
  "MCC": 0.354877157296902,
  "ACC": 0.6436781609195402,
  "Brier": 0.15933588761174972,
  "ECE": 0.23056680161943313,
  "RMSE": 0.39916899630576236,
  "Cliff_Brier": 0.2537634408602151,
  "Cliff_ECE": 0.21986394557823127,
  "Cliff_RMSE": 0.5037493829874287,
  "Cliff_F1": 0.4,
  "Delta_RMSE": 0.1045803866816663,
  "AUPRC_cliff": 0.3229121190071954,
  "Cliff_NodeShare": 0.3563218390804598,
  "model": "KNN",
  "backbone": "descriptors",
  "Threshold": 0.14,
  "Calibration": "none",
  "n_train": 269,
  "n_test": 87,
  "n_cliff_pairs": 28
}