core_index,core_smarts,usage_count,usage_percentage
0,[*]C1SC(=O)NC1=O,51750,38.661237906690076
1,[*]C(=O)NN1C(=O)CSC1[*],131059,97.91117253744723
2,[*]C1SC(=O)N([*])C1=O,133855,100.0
3,[*]C1SC(=S)N([*])C1=O,131833,98.48941018266034
4,[*]N1CCCS1(=O)=O,51503,38.47670987262336
