{
  "AUROC": 0.7944444444444444,
  "AUPRC_active": 0.7150202643736423,
  "F1": 0.6037735849056604,
  "MCC": 0.43046712719675767,
  "ACC": 0.7586206896551724,
  "Brier": 0.15494772698596224,
  "ECE": 0.23123210142771025,
  "RMSE": 0.393634001308274,
  "Cliff_Brier": 0.2797488454738512,
  "Cliff_ECE": 0.3350513006066022,
  "Cliff_RMSE": 0.5289128902511747,
  "Cliff_F1": 0.38095238095238093,
  "Delta_RMSE": 0.13527888894290074,
  "AUPRC_cliff": 0.3582499060079705,
  "Cliff_NodeShare": 0.3563218390804598,
  "model": "GB",
  "backbone": "ecfp2048",
  "Threshold": 0.45,
  "Calibration": "none",
  "n_train": 269,
  "n_test": 87,
  "n_cliff_pairs": 28
}