{
  "AUROC": 0.7827160493827161,
  "AUPRC_active": 0.6991152570981567,
  "F1": 0.5128205128205128,
  "MCC": 0.45218263544995746,
  "ACC": 0.7816091954022989,
  "Brier": 0.17073470478551908,
  "ECE": 0.1669777407958552,
  "RMSE": 0.413200562421591,
  "Cliff_Brier": 0.22504493016560564,
  "Cliff_ECE": 0.049326497437032914,
  "Cliff_RMSE": 0.47438900721412763,
  "Cliff_F1": 0.18181818181818182,
  "Delta_RMSE": 0.061188444792536656,
  "AUPRC_cliff": 0.38143217111128824,
  "Cliff_NodeShare": 0.3563218390804598,
  "model": "BRF",
  "backbone": "ecfp2048",
  "Threshold": 0.48000000000000004,
  "Calibration": "none",
  "n_train": 269,
  "n_test": 87,
  "n_cliff_pairs": 28
}