{
  "AUROC": 0.7555555555555554,
  "AUPRC_active": 0.6787045264904927,
  "F1": 0.5116279069767442,
  "MCC": 0.387001484066659,
  "ACC": 0.7586206896551724,
  "Brier": 0.1709224368445174,
  "ECE": 0.16454035218310611,
  "RMSE": 0.4134276682135793,
  "Cliff_Brier": 0.22974259635013536,
  "Cliff_ECE": 0.14245329762262,
  "Cliff_RMSE": 0.4793147153490443,
  "Cliff_F1": 0.16666666666666666,
  "Delta_RMSE": 0.065887047135465,
  "AUPRC_cliff": 0.3928913785704957,
  "Cliff_NodeShare": 0.3563218390804598,
  "model": "ExtraTrees",
  "backbone": "ecfp2048",
  "Threshold": 0.46,
  "Calibration": "none",
  "n_train": 269,
  "n_test": 87,
  "n_cliff_pairs": 28
}