{
  "AUROC": 0.7253086419753086,
  "AUPRC_active": 0.5685509003355832,
  "F1": 0.5185185185185185,
  "MCC": 0.30185185185185187,
  "ACC": 0.7011494252873564,
  "Brier": 0.21435502609284265,
  "ECE": 0.3446693696466573,
  "RMSE": 0.462984909141586,
  "Cliff_Brier": 0.3924414570937387,
  "Cliff_ECE": 0.5172561384839973,
  "Cliff_RMSE": 0.6264514802390834,
  "Cliff_F1": 0.3333333333333333,
  "Delta_RMSE": 0.16346657109749735,
  "AUPRC_cliff": 0.3405714285714286,
  "Cliff_NodeShare": 0.3563218390804598,
  "model": "CatBoost",
  "backbone": "ecfp2048",
  "Threshold": 0.37,
  "Calibration": "none",
  "n_train": 269,
  "n_test": 87,
  "n_cliff_pairs": 28
}