{
  "AUROC": 0.7780864197530863,
  "AUPRC_active": 0.7259326687853596,
  "F1": 0.5909090909090909,
  "MCC": 0.48399211358561606,
  "ACC": 0.7931034482758621,
  "Brier": 0.16194204406562368,
  "ECE": 0.2189224359300234,
  "RMSE": 0.4024202331712754,
  "Cliff_Brier": 0.28047505067060036,
  "Cliff_ECE": 0.3367057475882272,
  "Cliff_RMSE": 0.529598952671359,
  "Cliff_F1": 0.375,
  "Delta_RMSE": 0.12717871950008364,
  "AUPRC_cliff": 0.41743584359195907,
  "Cliff_NodeShare": 0.3563218390804598,
  "model": "XGB",
  "backbone": "ecfp2048",
  "Threshold": 0.66,
  "Calibration": "none",
  "n_train": 269,
  "n_test": 87,
  "n_cliff_pairs": 28
}