{
  "AUROC": 0.791358024691358,
  "AUPRC_active": 0.7201623614129684,
  "F1": 0.6666666666666666,
  "MCC": 0.499685023623153,
  "ACC": 0.7701149425287356,
  "Brier": 0.17313843299831405,
  "ECE": 0.2871923591054108,
  "RMSE": 0.41609906632713567,
  "Cliff_Brier": 0.34371540340088463,
  "Cliff_ECE": 0.38062074254258077,
  "Cliff_RMSE": 0.586272465156675,
  "Cliff_F1": 0.4166666666666667,
  "Delta_RMSE": 0.1701733988295393,
  "AUPRC_cliff": 0.3951346104875516,
  "Cliff_NodeShare": 0.3563218390804598,
  "model": "LogReg",
  "backbone": "ecfp2048",
  "Threshold": 0.35000000000000003,
  "Calibration": "none",
  "n_train": 269,
  "n_test": 87,
  "n_cliff_pairs": 28
}