{
  "AUROC": 0.7796296296296297,
  "AUPRC_active": 0.674781939621625,
  "F1": 0.47368421052631576,
  "MCC": 0.41761455180057855,
  "ACC": 0.7701149425287356,
  "Brier": 0.15918263090676885,
  "ECE": 0.1941285134743553,
  "RMSE": 0.3989769804221402,
  "Cliff_Brier": 0.265663082437276,
  "Cliff_ECE": 0.2259259259259259,
  "Cliff_RMSE": 0.5154251472690055,
  "Cliff_F1": 0.0,
  "Delta_RMSE": 0.11644816684686526,
  "AUPRC_cliff": 0.3092741935483871,
  "Cliff_NodeShare": 0.3563218390804598,
  "model": "KNN",
  "backbone": "ecfp2048",
  "Threshold": 0.54,
  "Calibration": "none",
  "n_train": 269,
  "n_test": 87,
  "n_cliff_pairs": 28
}