{
  "AUROC": 0.7666666666666666,
  "AUPRC_active": 0.5912195980894135,
  "F1": 0.6896551724137931,
  "MCC": 0.5384624000544527,
  "ACC": 0.7931034482758621,
  "Brier": 0.1681092451478563,
  "ECE": 0.2865257884114805,
  "RMSE": 0.4100112744155413,
  "Cliff_Brier": 0.3442866904395941,
  "Cliff_ECE": 0.38732140189618347,
  "Cliff_RMSE": 0.5867594826158279,
  "Cliff_F1": 0.4166666666666667,
  "Delta_RMSE": 0.17674820820028658,
  "AUPRC_cliff": 0.34074279440757965,
  "Cliff_NodeShare": 0.3563218390804598,
  "model": "SVC",
  "backbone": "ecfp2048",
  "Threshold": 0.25,
  "Calibration": "none",
  "n_train": 269,
  "n_test": 87,
  "n_cliff_pairs": 28
}