{
  "AUROC": 0.7950617283950617,
  "AUPRC_active": 0.7226991964872835,
  "F1": 0.4864864864864865,
  "MCC": 0.45931908949446676,
  "ACC": 0.7816091954022989,
  "Brier": 0.17660296872514902,
  "ECE": 0.1621474138963317,
  "RMSE": 0.4202415599689648,
  "Cliff_Brier": 0.23119091316076162,
  "Cliff_ECE": 0.13923884598199693,
  "Cliff_RMSE": 0.48082316204688147,
  "Cliff_F1": 0.0,
  "Delta_RMSE": 0.060581602077916685,
  "AUPRC_cliff": 0.37690572533484246,
  "Cliff_NodeShare": 0.3563218390804598,
  "model": "RF",
  "backbone": "ecfp2048",
  "Threshold": 0.52,
  "Calibration": "none",
  "n_train": 269,
  "n_test": 87,
  "n_cliff_pairs": 28
}